Country Name,Country Code,Series Name,Series Code,2015 [YR2015],2016 [YR2016],2017 [YR2017],2018 [YR2018],2019 [YR2019]
Afghanistan,AFG,"GDP per capita, PPP (constant 2017 international $)",NY.GDP.PCAP.PP.KD,2212.75089885175,2200.76448734821,2202.5708512665,2190.24032132044,2202.27848949912
Albania,ALB,"GDP per capita, PPP (constant 2017 international $)",NY.GDP.PCAP.PP.KD,12125.9314807437,12547.928084194,13037.0100155002,13601.3033805754,13961.7965978885
Algeria,DZA,"GDP per capita, PPP (constant 2017 international $)",NY.GDP.PCAP.PP.KD,11510.7537354979,11637.8978286786,11550.5554568171,11479.4983728015,11349.7005682198
American Samoa,ASM,"GDP per capita, PPP (constant 2017 international $)",NY.GDP.PCAP.PP.KD,..,..,..,..,..
Andorra,AND,"GDP per capita, PPP (constant 2017 international $)",NY.GDP.PCAP.PP.KD,..,..,..,..,..
Angola,AGO,"GDP per capita, PPP (constant 2017 international $)",NY.GDP.PCAP.PP.KD,8036.41409222015,7568.99722478798,7310.90173803536,6933.50930820608,6653.90767287624
Antigua and Barbuda,ATG,"GDP per capita, PPP (constant 2017 international $)",NY.GDP.PCAP.PP.KD,18595.0849042657,19417.9648194984,19840.0761229321,21115.7982687308,21908.4585035162
Argentina,ARG,"GDP per capita, PPP (constant 2017 international $)",NY.GDP.PCAP.PP.KD,23934.0962820711,23189.7305942385,23562.9188342608,22745.9037844103,22033.9453093203
Armenia,ARM,"GDP per capita, PPP (constant 2017 international $)",NY.GDP.PCAP.PP.KD,11321.3557593842,11303.0716996176,12115.0570089389,12714.9581875586,13653.7495326269
Aruba,ABW,"GDP per capita, PPP (constant 2017 international $)",NY.GDP.PCAP.PP.KD,37276.0804173621,37866.1738534243,38442.4138382323,..,..
Australia,AUS,"GDP per capita, PPP (constant 2017 international $)",NY.GDP.PCAP.PP.KD,48020.2541377547,48585.890201519,48905.4171954152,49575.981131221,49756.306706298
Austria,AUT,"GDP per capita, PPP (constant 2017 international $)",NY.GDP.PCAP.PP.KD,53164.8014030839,53688.2823908977,54637.0012845153,55687.1892771302,56352.4445352665
Azerbaijan,AZE,"GDP per capita, PPP (constant 2017 international $)",NY.GDP.PCAP.PP.KD,14853.9105525729,14238.7841366188,14121.4069355591,14209.6494059309,14403.8504687949
"Bahamas, The",BHS,"GDP per capita, PPP (constant 2017 international $)",NY.GDP.PCAP.PP.KD,35837.3462624269,35642.4724116739,35308.4133992786,35500.5441974506,35782.7979039639
Bahrain,BHR,"GDP per capita, PPP (constant 2017 international $)",NY.GDP.PCAP.PP.KD,48304.0669238186,48091.0192304117,47642.4482864603,46242.3150198831,45025.7715931437
Bangladesh,BGD,"GDP per capita, PPP (constant 2017 international $)",NY.GDP.PCAP.PP.KD,3700.11028454462,3920.30116212214,4161.09013459284,4441.42350607517,4753.72592342133
Barbados,BRB,"GDP per capita, PPP (constant 2017 international $)",NY.GDP.PCAP.PP.KD,15382.9274290296,15738.1887968761,15788.8205162215,15674.8496347642,15638.8298973988
Belarus,BLR,"GDP per capita, PPP (constant 2017 international $)",NY.GDP.PCAP.PP.KD,18307.5196678406,17822.6065945418,18280.1989190642,18885.2354999668,19149.6378488406
Belgium,BEL,"GDP per capita, PPP (constant 2017 international $)",NY.GDP.PCAP.PP.KD,49491.6208733935,49969.6181652048,50725.1863102987,51245.9962234656,51707.7918992621
Belize,BLZ,"GDP per capita, PPP (constant 2017 international $)",NY.GDP.PCAP.PP.KD,7259.28758504138,7118.20215083655,7108.86670023723,7119.09623772387,7004.91230122915
Benin,BEN,"GDP per capita, PPP (constant 2017 international $)",NY.GDP.PCAP.PP.KD,2945.97300620254,2961.44177792771,3044.51388698516,3160.7770925266,3287.30953781495
Bermuda,BMU,"GDP per capita, PPP (constant 2017 international $)",NY.GDP.PCAP.PP.KD,..,..,..,..,..
Bhutan,BTN,"GDP per capita, PPP (constant 2017 international $)",NY.GDP.PCAP.PP.KD,10086.1975071692,10775.1464324185,11142.3999477275,11345.4449257567,..
Bolivia,BOL,"GDP per capita, PPP (constant 2017 international $)",NY.GDP.PCAP.PP.KD,7984.41331117096,8202.55085683675,8423.69679405991,8655.52988630046,8724.47574033647
Bosnia and Herzegovina,BIH,"GDP per capita, PPP (constant 2017 international $)",NY.GDP.PCAP.PP.KD,12793.5416111631,13363.9154387807,13788.4820641797,14419.6344708554,14894.7866167587
Botswana,BWA,"GDP per capita, PPP (constant 2017 international $)",NY.GDP.PCAP.PP.KD,16714.3537396502,17117.0721498154,17253.2316097939,17634.1423101317,17766.4880429157
Brazil,BRA,"GDP per capita, PPP (constant 2017 international $)",NY.GDP.PCAP.PP.KD,15059.2343677166,14446.4128054679,14519.8491302518,14596.2461623842,14651.6161809346
British Virgin Islands,VGB,"GDP per capita, PPP (constant 2017 international $)",NY.GDP.PCAP.PP.KD,..,..,..,..,..
Brunei Darussalam,BRN,"GDP per capita, PPP (constant 2017 international $)",NY.GDP.PCAP.PP.KD,63148.5490356698,60865.9869452396,60995.6811141379,60388.9030876585,62099.587852317
Bulgaria,BGR,"GDP per capita, PPP (constant 2017 international $)",NY.GDP.PCAP.PP.KD,19598.8597903392,20489.081706016,21363.0290871128,22181.496811059,23091.3421370835
Burkina Faso,BFA,"GDP per capita, PPP (constant 2017 international $)",NY.GDP.PCAP.PP.KD,1934.75449608592,1991.13809784615,2053.50441763731,2131.54790116674,2189.63101535424
Burundi,BDI,"GDP per capita, PPP (constant 2017 international $)",NY.GDP.PCAP.PP.KD,825.205985575849,794.604574423363,773.571858394255,761.524193384446,751.663957194118
Cabo Verde,CPV,"GDP per capita, PPP (constant 2017 international $)",NY.GDP.PCAP.PP.KD,6266.84595028906,6482.64831875424,6643.204610776,6864.14742789843,7171.83946598235
Cambodia,KHM,"GDP per capita, PPP (constant 2017 international $)",NY.GDP.PCAP.PP.KD,3543.70355294289,3733.95549751035,3928.37368825169,4159.33742648163,4388.80090863326
Cameroon,CMR,"GDP per capita, PPP (constant 2017 international $)",NY.GDP.PCAP.PP.KD,3458.69390039658,3524.44451445235,3554.52515589469,3603.54888184177,3652.68651238746
Canada,CAN,"GDP per capita, PPP (constant 2017 international $)",NY.GDP.PCAP.PP.KD,47770.4156124365,47705.5230347711,48633.829775434,48924.3991847307,49031.3799412998
Cayman Islands,CYM,"GDP per capita, PPP (constant 2017 international $)",NY.GDP.PCAP.PP.KD,67104.7981428677,68248.2354326898,69420.5114565353,70809.6181573197,..
Central African Republic,CAF,"GDP per capita, PPP (constant 2017 international $)",NY.GDP.PCAP.PP.KD,852.749426426479,884.494416853048,912.80205230035,933.109550675102,944.868093487866
Chad,TCD,"GDP per capita, PPP (constant 2017 international $)",NY.GDP.PCAP.PP.KD,1857.10733723028,1687.05264231676,1587.03105963951,1576.31867039522,1579.62669496964
Channel Islands,CHI,"GDP per capita, PPP (constant 2017 international $)",NY.GDP.PCAP.PP.KD,..,..,..,..,..
Chile,CHL,"GDP per capita, PPP (constant 2017 international $)",NY.GDP.PCAP.PP.KD,23633.6638371824,23721.6056509058,23663.8852921125,24258.649845584,24226.1508878998
China,CHN,"GDP per capita, PPP (constant 2017 international $)",NY.GDP.PCAP.PP.KD,12691.9435827488,13487.9479006924,14344.4204022609,15243.2477845168,16116.7042797706
Colombia,COL,"GDP per capita, PPP (constant 2017 international $)",NY.GDP.PCAP.PP.KD,14237.5838137359,14338.4330882028,14316.4858099112,14455.5890677618,14730.8849270675
Comoros,COM,"GDP per capita, PPP (constant 2017 international $)",NY.GDP.PCAP.PP.KD,2959.53997137324,2987.98905294039,3032.25468181699,3066.83784677933,3081.38367697852
"Congo, Dem. Rep.",COD,"GDP per capita, PPP (constant 2017 international $)",NY.GDP.PCAP.PP.KD,1065.24240955909,1055.57295486991,1059.8107753086,1085.89370062626,1097.94885276596
"Congo, Rep.",COG,"GDP per capita, PPP (constant 2017 international $)",NY.GDP.PCAP.PP.KD,3802.37599469408,3603.2297965324,3448.53720769405,3414.4160388068,3298.06761863102
Costa Rica,CRI,"GDP per capita, PPP (constant 2017 international $)",NY.GDP.PCAP.PP.KD,18024.4919696438,18592.1416918575,19112.4088874561,19426.6533725302,19642.4178531668
Cote d'Ivoire,CIV,"GDP per capita, PPP (constant 2017 international $)",NY.GDP.PCAP.PP.KD,4417.15120275926,4615.71162066949,4830.75170129491,5028.92007015129,5238.26085646938
Croatia,HRV,"GDP per capita, PPP (constant 2017 international $)",NY.GDP.PCAP.PP.KD,24449.4667091794,25478.5314816333,26595.738840327,27557.537629951,28508.5166054649
Cuba,CUB,"GDP per capita, PPP (constant 2017 international $)",NY.GDP.PCAP.PP.KD,..,..,..,..,..
Curacao,CUW,"GDP per capita, PPP (constant 2017 international $)",NY.GDP.PCAP.PP.KD,26548.7000044222,26009.5280033975,25475.4896636129,24982.1450961915,..
Cyprus,CYP,"GDP per capita, PPP (constant 2017 international $)",NY.GDP.PCAP.PP.KD,34375.5637176701,36526.8190572448,37766.901656904,38822.4919713012,39544.6818471754
Czech Republic,CZE,"GDP per capita, PPP (constant 2017 international $)",NY.GDP.PCAP.PP.KD,36166.9931624967,36982.1887086232,38489.4963100125,39452.7678936873,40314.2284971055
Denmark,DNK,"GDP per capita, PPP (constant 2017 international $)",NY.GDP.PCAP.PP.KD,53018.9324912058,54314.3809429729,55064.9088637057,56102.8219431727,57184.1934507633
Djibouti,DJI,"GDP per capita, PPP (constant 2017 international $)",NY.GDP.PCAP.PP.KD,4488.82721398241,4709.54923350247,4885.22056254083,5214.08849899121,5519.33288841046
Dominica,DMA,"GDP per capita, PPP (constant 2017 international $)",NY.GDP.PCAP.PP.KD,11872.4073907693,12154.7514389872,11304.3597107511,11533.4008897018,12155.558696274
Dominican Republic,DOM,"GDP per capita, PPP (constant 2017 international $)",NY.GDP.PCAP.PP.KD,15328.3520547721,16166.6037518994,16735.3325857593,17711.7655340058,18419.0342630152
Ecuador,ECU,"GDP per capita, PPP (constant 2017 international $)",NY.GDP.PCAP.PP.KD,11896.3766290296,11551.6166736527,11617.9087583298,11561.7492066323,11375.3311843291
"Egypt, Arab Rep.",EGY,"GDP per capita, PPP (constant 2017 international $)",NY.GDP.PCAP.PP.KD,10570.4454607908,10795.8086274334,11014.4861365513,11366.3363290551,11763.2536364885
El Salvador,SLV,"GDP per capita, PPP (constant 2017 international $)",NY.GDP.PCAP.PP.KD,8143.01691717694,8309.63033637941,8454.05819814848,8615.57615103642,8775.98651978437
Equatorial Guinea,GNQ,"GDP per capita, PPP (constant 2017 international $)",NY.GDP.PCAP.PP.KD,28313.6027630713,24827.072977646,22551.083245578,20359.8451441929,18558.0038515413
Eritrea,ERI,"GDP per capita, PPP (constant 2017 international $)",NY.GDP.PCAP.PP.KD,..,..,..,..,..
Estonia,EST,"GDP per capita, PPP (constant 2017 international $)",NY.GDP.PCAP.PP.KD,31209.0979746975,32021.0631794111,33820.9187318032,35308.0862153163,36710.4108863026
Eswatini,SWZ,"GDP per capita, PPP (constant 2017 international $)",NY.GDP.PCAP.PP.KD,8375.25534887591,8405.79880630012,8493.90167189328,8606.0759884969,8688.10149293721
Ethiopia,ETH,"GDP per capita, PPP (constant 2017 international $)",NY.GDP.PCAP.PP.KD,1779.08402319971,1894.89663237454,2021.56104599467,2103.51298883042,2219.70879486211
Faroe Islands,FRO,"GDP per capita, PPP (constant 2017 international $)",NY.GDP.PCAP.PP.KD,..,..,..,..,..
Fiji,FJI,"GDP per capita, PPP (constant 2017 international $)",NY.GDP.PCAP.PP.KD,12552.6497907263,12812.0581922803,13429.3159269998,13808.0655208967,13853.4285658166
Finland,FIN,"GDP per capita, PPP (constant 2017 international $)",NY.GDP.PCAP.PP.KD,45072.7478356206,46161.5829349195,47481.2138160103,48191.2325303143,48621.0885362883
France,FRA,"GDP per capita, PPP (constant 2017 international $)",NY.GDP.PCAP.PP.KD,43553.3992916238,43914.4816471229,44826.5074739036,45561.0017682227,46183.5217898106
French Polynesia,PYF,"GDP per capita, PPP (constant 2017 international $)",NY.GDP.PCAP.PP.KD,..,..,..,..,..
Gabon,GAB,"GDP per capita, PPP (constant 2017 international $)",NY.GDP.PCAP.PP.KD,15508.9717233787,15358.7208108303,15006.7640910411,14743.3895003601,14869.7914200483
"Gambia, The",GMB,"GDP per capita, PPP (constant 2017 international $)",NY.GDP.PCAP.PP.KD,2058.65814621739,2036.87242048852,2072.6524500401,2144.22505358703,2206.91290564813
Georgia,GEO,"GDP per capita, PPP (constant 2017 international $)",NY.GDP.PCAP.PP.KD,12605.1400698178,12963.7439586374,13589.7073915159,14257.0816639076,15014.2882057699
Germany,DEU,"GDP per capita, PPP (constant 2017 international $)",NY.GDP.PCAP.PP.KD,51209.0864620046,51930.1627216947,53011.7681603117,53659.9892931257,53815.3653988137
Ghana,GHA,"GDP per capita, PPP (constant 2017 international $)",NY.GDP.PCAP.PP.KD,4670.43162289555,4724.12511639727,4996.63870607304,5194.4390009745,5412.62812169616
Gibraltar,GIB,"GDP per capita, PPP (constant 2017 international $)",NY.GDP.PCAP.PP.KD,..,..,..,..,..
Greece,GRC,"GDP per capita, PPP (constant 2017 international $)",NY.GDP.PCAP.PP.KD,28536.8465089853,28601.0632605563,29089.0140066987,29711.9219354672,30314.5662843171
Greenland,GRL,"GDP per capita, PPP (constant 2017 international $)",NY.GDP.PCAP.PP.KD,..,..,..,..,..
Grenada,GRD,"GDP per capita, PPP (constant 2017 international $)",NY.GDP.PCAP.PP.KD,15142.6152055131,15613.9733401286,16217.4998498411,16801.2014765571,17241.5319711333
Guam,GUM,"GDP per capita, PPP (constant 2017 international $)",NY.GDP.PCAP.PP.KD,..,..,..,..,..
Guatemala,GTM,"GDP per capita, PPP (constant 2017 international $)",NY.GDP.PCAP.PP.KD,8125.3648782725,8205.75445539162,8317.36411696486,8448.46382454193,8637.55532497518
Guinea,GIN,"GDP per capita, PPP (constant 2017 international $)",NY.GDP.PCAP.PP.KD,2089.67603356855,2255.30826421011,2420.60099315665,2498.42566040217,2564.04248270111
Guinea-Bissau,GNB,"GDP per capita, PPP (constant 2017 international $)",NY.GDP.PCAP.PP.KD,1800.06856242958,1864.25989746029,1925.23773659951,1949.17757024548,1989.36714098892
Guyana,GUY,"GDP per capita, PPP (constant 2017 international $)",NY.GDP.PCAP.PP.KD,8604.13238333123,8848.15067530797,8989.03827392901,9312.14664957379,9702.57885742106
Haiti,HTI,"GDP per capita, PPP (constant 2017 international $)",NY.GDP.PCAP.PP.KD,1764.32789461736,1766.10967939075,1763.66326068306,1767.17611999367,1728.91006998723
Honduras,HND,"GDP per capita, PPP (constant 2017 international $)",NY.GDP.PCAP.PP.KD,5283.40995631063,5395.61396882107,5561.9963118339,5672.253309629,5727.97357227863
"Hong Kong SAR, China",HKG,"GDP per capita, PPP (constant 2017 international $)",NY.GDP.PCAP.PP.KD,57215.9592869292,58096.2995393301,59849.2481763342,61071.9230558477,59892.8660007781
Hungary,HUN,"GDP per capita, PPP (constant 2017 international $)",NY.GDP.PCAP.PP.KD,27541.4534992241,28230.5536832764,29529.3092284512,31072.9044219454,32622.8508908698
Iceland,ISL,"GDP per capita, PPP (constant 2017 international $)",NY.GDP.PCAP.PP.KD,51739.4267572969,54407.7280255984,55562.4266215313,56157.5138509506,55873.9505691569
India,IND,"GDP per capita, PPP (constant 2017 international $)",NY.GDP.PCAP.PP.KD,5454.34710439413,5840.67022941248,6185.99389258543,6496.80750598397,6754.28654713666
Indonesia,IDN,"GDP per capita, PPP (constant 2017 international $)",NY.GDP.PCAP.PP.KD,10149.6039093064,10531.1979387018,10935.8417542919,11371.5319393071,11812.1976430751
"Iran, Islamic Rep.",IRN,"GDP per capita, PPP (constant 2017 international $)",NY.GDP.PCAP.PP.KD,12698.1097020077,14205.209232865,14535.8630641234,..,..
Iraq,IRQ,"GDP per capita, PPP (constant 2017 international $)",NY.GDP.PCAP.PP.KD,10310.6800219562,11542.2642648673,10971.9700125942,10660.0925632548,10881.1724564123
Ireland,IRL,"GDP per capita, PPP (constant 2017 international $)",NY.GDP.PCAP.PP.KD,71243.4208710382,73034.513372796,78128.181584186,83470.6239893367,86781.3904024142
Isle of Man,IMN,"GDP per capita, PPP (constant 2017 international $)",NY.GDP.PCAP.PP.KD,..,..,..,..,..
Israel,ISR,"GDP per capita, PPP (constant 2017 international $)",NY.GDP.PCAP.PP.KD,37633.4458742607,38372.373115985,38966.6626934549,39543.2202459956,40161.9185815468
Italy,ITA,"GDP per capita, PPP (constant 2017 international $)",NY.GDP.PCAP.PP.KD,40444.8076473426,41037.6033282618,41784.6247136637,42198.2432366598,42412.6645516756
Jamaica,JAM,"GDP per capita, PPP (constant 2017 international $)",NY.GDP.PCAP.PP.KD,9470.79719527997,9550.81009373548,9598.37095744956,9737.98165571679,9761.49852210528
Japan,JPN,"GDP per capita, PPP (constant 2017 international $)",NY.GDP.PCAP.PP.KD,39672.9484482162,39926.0210662251,40858.8843834887,41074.1040248099,41429.2875265215
Jordan,JOR,"GDP per capita, PPP (constant 2017 international $)",NY.GDP.PCAP.PP.KD,9970.59030805957,9867.02220276226,9841.16955720028,9853.92721328067,9906.05376516
Kazakhstan,KAZ,"GDP per capita, PPP (constant 2017 international $)",NY.GDP.PCAP.PP.KD,24290.4176339265,24210.8629616382,24862.9661245889,25544.2797650782,26351.438640898
Kenya,KEN,"GDP per capita, PPP (constant 2017 international $)",NY.GDP.PCAP.PP.KD,3824.75954287833,3952.7456414192,4046.20842543927,4203.80228161941,4329.87138968635
Kiribati,KIR,"GDP per capita, PPP (constant 2017 international $)",NY.GDP.PCAP.PP.KD,2173.73917507784,2252.99478012848,2240.54468679755,2258.95021191052,2275.17129852978
"Korea, Dem. People’s Rep.",PRK,"GDP per capita, PPP (constant 2017 international $)",NY.GDP.PCAP.PP.KD,..,..,..,..,..
"Korea, Rep.",KOR,"GDP per capita, PPP (constant 2017 international $)",NY.GDP.PCAP.PP.KD,38870.1212676257,39857.0899028877,41001.0668862273,41894.105625531,42661.1722582902
Kosovo,XKX,"GDP per capita, PPP (constant 2017 international $)",NY.GDP.PCAP.PP.KD,9723.56194114447,10179.9696320691,10530.4816647713,10895.2858521324,11367.7459893728
Kuwait,KWT,"GDP per capita, PPP (constant 2017 international $)",NY.GDP.PCAP.PP.KD,54834.2511882074,54708.7026776111,50855.499959604,50478.5941027391,49846.1440665441
Kyrgyz Republic,KGZ,"GDP per capita, PPP (constant 2017 international $)",NY.GDP.PCAP.PP.KD,4805.14109239542,4912.38248297927,5046.69153549093,5133.15191405748,5253.0974778813
Lao PDR,LAO,"GDP per capita, PPP (constant 2017 international $)",NY.GDP.PCAP.PP.KD,6543.66680584583,6896.12938848005,7257.80793165273,7592.81979756711,7826.38859494102
Latvia,LVA,"GDP per capita, PPP (constant 2017 international $)",NY.GDP.PCAP.PP.KD,26489.7584963771,27207.1457853837,28488.92360721,29942.0073818529,30830.0905248481
Lebanon,LBN,"GDP per capita, PPP (constant 2017 international $)",NY.GDP.PCAP.PP.KD,16299.2152480663,16108.5040815959,16005.2570426061,15612.0121788337,14717.349980936
Lesotho,LSO,"GDP per capita, PPP (constant 2017 international $)",NY.GDP.PCAP.PP.KD,2727.12065383086,2842.6986036235,2783.11566178163,2748.5437478929,2767.71428076187
Liberia,LBR,"GDP per capita, PPP (constant 2017 international $)",NY.GDP.PCAP.PP.KD,1580.47887426785,1516.35571427608,1515.64325045424,1497.00447655505,1427.8190899409
Libya,LBY,"GDP per capita, PPP (constant 2017 international $)",NY.GDP.PCAP.PP.KD,11022.4292135086,10592.4244170796,13237.9985273173,15017.9890768111,15174.1647543089
Liechtenstein,LIE,"GDP per capita, PPP (constant 2017 international $)",NY.GDP.PCAP.PP.KD,..,..,..,..,..
Lithuania,LTU,"GDP per capita, PPP (constant 2017 international $)",NY.GDP.PCAP.PP.KD,30801.4226065896,31992.6451834056,33821.1954485172,35389.9774872093,36974.9463411754
Luxembourg,LUX,"GDP per capita, PPP (constant 2017 international $)",NY.GDP.PCAP.PP.KD,110951.988769966,113553.598994566,112822.605827833,114109.972454391,114481.533570261
"Macao SAR, China",MAC,"GDP per capita, PPP (constant 2017 international $)",NY.GDP.PCAP.PP.KD,120294.895761936,117335.587799768,126918.226521718,131908.154163198,123965.286431892
Madagascar,MDG,"GDP per capita, PPP (constant 2017 international $)",NY.GDP.PCAP.PP.KD,1546.76653557617,1565.86692410116,1584.42267833676,1613.10451399018,1646.22004186235
Malawi,MWI,"GDP per capita, PPP (constant 2017 international $)",NY.GDP.PCAP.PP.KD,1027.22960578314,1024.60107233856,1037.54586753623,1042.52636787861,1059.72349008557
Malaysia,MYS,"GDP per capita, PPP (constant 2017 international $)",NY.GDP.PCAP.PP.KD,24792.4882815787,25546.441575356,26648.3296520057,27536.9184977165,28350.5902105762
Maldives,MDV,"GDP per capita, PPP (constant 2017 international $)",NY.GDP.PCAP.PP.KD,17283.310304426,17582.6570636888,17988.6899992013,18508.5147212522,18914.3332534306
Mali,MLI,"GDP per capita, PPP (constant 2017 international $)",NY.GDP.PCAP.PP.KD,2140.61282557018,2197.63070384002,2248.26081603136,2283.10116607053,2327.37111964737
Malta,MLT,"GDP per capita, PPP (constant 2017 international $)",NY.GDP.PCAP.PP.KD,38780.607115881,40112.9294626374,41554.937907741,43064.0188476449,43340.1997204138
Marshall Islands,MHL,"GDP per capita, PPP (constant 2017 international $)",NY.GDP.PCAP.PP.KD,3625.32568512855,3653.86713101053,3780.93897001437,3894.17741946459,..
Mauritania,MRT,"GDP per capita, PPP (constant 2017 international $)",NY.GDP.PCAP.PP.KD,5127.43608403623,5045.89430021246,5077.19547171931,5042.42318244102,5197.02886117046
Mauritius,MUS,"GDP per capita, PPP (constant 2017 international $)",NY.GDP.PCAP.PP.KD,19897.4753965644,20646.9330000973,21415.1161096211,22208.1896670404,22989.3416282651
Mexico,MEX,"GDP per capita, PPP (constant 2017 international $)",NY.GDP.PCAP.PP.KD,19288.2455873186,19612.2290750311,19795.8684950156,19992.230139994,19746.4356070408
"Micronesia, Fed. Sts.",FSM,"GDP per capita, PPP (constant 2017 international $)",NY.GDP.PCAP.PP.KD,3455.64954083639,3444.99716257143,3497.91729516813,3468.56842089047,..
Moldova,MDA,"GDP per capita, PPP (constant 2017 international $)",NY.GDP.PCAP.PP.KD,10360.8295853922,10942.5508699648,11651.3174546862,12373.0381119958,13033.8643273329
Monaco,MCO,"GDP per capita, PPP (constant 2017 international $)",NY.GDP.PCAP.PP.KD,..,..,..,..,..
Mongolia,MNG,"GDP per capita, PPP (constant 2017 international $)",NY.GDP.PCAP.PP.KD,11022.9564768161,10940.4150684879,11311.7938211869,11915.5792987983,12309.7714311213
Montenegro,MNE,"GDP per capita, PPP (constant 2017 international $)",NY.GDP.PCAP.PP.KD,18212.3830711681,18745.1796706222,19627.0816303639,20628.5619066,21378.5748311807
Morocco,MAR,"GDP per capita, PPP (constant 2017 international $)",NY.GDP.PCAP.PP.KD,7129.68626960028,7109.24290612405,7314.15448711835,7437.63753502891,7514.72088116626
Mozambique,MOZ,"GDP per capita, PPP (constant 2017 international $)",NY.GDP.PCAP.PP.KD,1262.6130810912,1273.78308400731,1283.65986980986,1289.54300128945,1280.45005257737
Myanmar,MMR,"GDP per capita, PPP (constant 2017 international $)",NY.GDP.PCAP.PP.KD,4268.50051474339,4482.92451777193,4739.91011751543,5029.18087568836,5142.15416557764
Namibia,NAM,"GDP per capita, PPP (constant 2017 international $)",NY.GDP.PCAP.PP.KD,10487.5002460914,10266.7456714646,10050.5012073122,9931.97330026796,9637.18054981639
Nauru,NRU,"GDP per capita, PPP (constant 2017 international $)",NY.GDP.PCAP.PP.KD,11294.5247985724,11183.3329018193,10682.2347064117,11487.0364480353,11599.3411522009
Nepal,NPL,"GDP per capita, PPP (constant 2017 international $)",NY.GDP.PCAP.PP.KD,2911.54830373311,2902.24921696851,3099.30608193814,3252.74332829979,3416.79128149755
Netherlands,NLD,"GDP per capita, PPP (constant 2017 international $)",NY.GDP.PCAP.PP.KD,53223.4426476495,54101.2651616307,55347.9123930263,56454.9252056674,57141.3702839618
New Caledonia,NCL,"GDP per capita, PPP (constant 2017 international $)",NY.GDP.PCAP.PP.KD,..,..,..,..,..
New Zealand,NZL,"GDP per capita, PPP (constant 2017 international $)",NY.GDP.PCAP.PP.KD,40467.2045318007,41083.8115286348,41493.0341264557,42635.218052447,42887.5181664188
Nicaragua,NIC,"GDP per capita, PPP (constant 2017 international $)",NY.GDP.PCAP.PP.KD,5630.34771163342,5811.89339944665,6004.03178872477,5694.87577632457,5407.10470207971
Niger,NER,"GDP per capita, PPP (constant 2017 international $)",NY.GDP.PCAP.PP.KD,1130.59380283733,1149.662701395,1161.65706546159,1196.47541546371,1219.07688920191
Nigeria,NGA,"GDP per capita, PPP (constant 2017 international $)",NY.GDP.PCAP.PP.KD,5514.77045532312,5284.8919491207,5190.35438635709,5155.07454617157,5135.49957097093
North Macedonia,MKD,"GDP per capita, PPP (constant 2017 international $)",NY.GDP.PCAP.PP.KD,14956.4421592004,15371.9567915953,15528.9100300467,15943.9521871786,16506.0854835349
Northern Mariana Islands,MNP,"GDP per capita, PPP (constant 2017 international $)",NY.GDP.PCAP.PP.KD,..,..,..,..,..
Norway,NOR,"GDP per capita, PPP (constant 2017 international $)",NY.GDP.PCAP.PP.KD,61895.7956099624,62010.3397711283,62940.5874986548,63332.7998900687,63633.1019598322
Oman,OMN,"GDP per capita, PPP (constant 2017 international $)",NY.GDP.PCAP.PP.KD,30192.5942833549,30190.9943397403,29083.2366853532,28593.8303541484,27896.3367310471
Pakistan,PAK,"GDP per capita, PPP (constant 2017 international $)",NY.GDP.PCAP.PP.KD,4278.34642685528,4421.67034908687,4571.41449087153,4739.76880822783,4690.48475495074
Palau,PLW,"GDP per capita, PPP (constant 2017 international $)",NY.GDP.PCAP.PP.KD,18519.5694686738,18603.9220612467,17865.7908148371,18070.0384471317,..
Panama,PAN,"GDP per capita, PPP (constant 2017 international $)",NY.GDP.PCAP.PP.KD,28436.3598291199,29337.8813897684,30454.7638063039,31049.1793054985,31458.6926255213
Papua New Guinea,PNG,"GDP per capita, PPP (constant 2017 international $)",NY.GDP.PCAP.PP.KD,4204.35299613729,4289.04821705338,4353.27026832273,4235.94402905313,4387.60246863179
Paraguay,PRY,"GDP per capita, PPP (constant 2017 international $)",NY.GDP.PCAP.PP.KD,11809.9464262524,12157.3049046579,12594.3414272628,12849.9410060756,12684.5961910764
Peru,PER,"GDP per capita, PPP (constant 2017 international $)",NY.GDP.PCAP.PP.KD,12110.2688843386,12403.6887459899,12506.5301705306,12782.3763299978,12847.8852078957
Philippines,PHL,"GDP per capita, PPP (constant 2017 international $)",NY.GDP.PCAP.PP.KD,7300.13578149923,7705.04522209066,8120.84230884125,8516.0943882963,8908.1759770231
Poland,POL,"GDP per capita, PPP (constant 2017 international $)",NY.GDP.PCAP.PP.KD,27871.2423818539,28737.541854668,30152.741569648,31765.6828625755,33086.3903328095
Portugal,PRT,"GDP per capita, PPP (constant 2017 international $)",NY.GDP.PCAP.PP.KD,31157.7593380913,31887.4192407208,33086.0967739013,34013.0711043603,34797.9943125939
Puerto Rico,PRI,"GDP per capita, PPP (constant 2017 international $)",NY.GDP.PCAP.PP.KD,34311.0296279548,34539.5868383201,34363.7459921451,34116.1038019264,34517.6132041046
Qatar,QAT,"GDP per capita, PPP (constant 2017 international $)",NY.GDP.PCAP.PP.KD,97305.9255527749,96060.2353752166,95058.4683407273,94502.6908176154,92651.070263189
Romania,ROU,"GDP per capita, PPP (constant 2017 international $)",NY.GDP.PCAP.PP.KD,23944.301773163,25238.1869018977,27191.6686640869,28565.4642103002,29908.9785921079
Russian Federation,RUS,"GDP per capita, PPP (constant 2017 international $)",NY.GDP.PCAP.PP.KD,25566.2876349341,25568.907786198,26005.979940469,26667.7254437796,27043.9353888318
Rwanda,RWA,"GDP per capita, PPP (constant 2017 international $)",NY.GDP.PCAP.PP.KD,1888.77013973419,1950.33120596208,1975.2524530498,2088.56630313703,2226.22075147786
Samoa,WSM,"GDP per capita, PPP (constant 2017 international $)",NY.GDP.PCAP.PP.KD,6007.35129593462,6457.09117865169,6495.38772370331,6329.35450350319,6517.0336685864
San Marino,SMR,"GDP per capita, PPP (constant 2017 international $)",NY.GDP.PCAP.PP.KD,57820.5249995657,58807.3434354702,58860.7530554811,59349.9712733261,..
Sao Tome and Principe,STP,"GDP per capita, PPP (constant 2017 international $)",NY.GDP.PCAP.PP.KD,3757.74691791832,3841.43541907469,3915.73237469756,3944.76794346347,3963.78357594781
Saudi Arabia,SAU,"GDP per capita, PPP (constant 2017 international $)",NY.GDP.PCAP.PP.KD,48921.2212500392,48627.1414603436,47309.1246039041,47596.7279014246,46962.141490302
Senegal,SEN,"GDP per capita, PPP (constant 2017 international $)",NY.GDP.PCAP.PP.KD,2966.45351602599,3067.66271245302,3203.9007579397,3314.78568901839,3394.86880772168
Serbia,SRB,"GDP per capita, PPP (constant 2017 international $)",NY.GDP.PCAP.PP.KD,15513.9105539582,16116.3058047101,16534.3390831059,17355.1284748374,18179.7749824078
Seychelles,SYC,"GDP per capita, PPP (constant 2017 international $)",NY.GDP.PCAP.PP.KD,25609.2897355963,26421.9414858072,27242.656049582,27996.7707887214,29055.7486612807
Sierra Leone,SLE,"GDP per capita, PPP (constant 2017 international $)",NY.GDP.PCAP.PP.KD,1551.82200863819,1610.55272739054,1642.60659308554,1663.29239326573,1718.37074104107
Singapore,SGP,"GDP per capita, PPP (constant 2017 international $)",NY.GDP.PCAP.PP.KD,89366.3078891257,91075.5353114299,94940.970785297,97744.9546061693,97341.4686453731
Sint Maarten (Dutch part),SXM,"GDP per capita, PPP (constant 2017 international $)",NY.GDP.PCAP.PP.KD,36652.5608031838,35757.4718294574,32256.3333093626,..,..
Slovak Republic,SVK,"GDP per capita, PPP (constant 2017 international $)",NY.GDP.PCAP.PP.KD,29453.6522065811,30040.2935882581,30907.4227912592,32067.3593949964,32792.555037863
Slovenia,SVN,"GDP per capita, PPP (constant 2017 international $)",NY.GDP.PCAP.PP.KD,33949.6025823699,34983.790720201,36650.8021903461,38022.049816862,38688.7833893018
Solomon Islands,SLB,"GDP per capita, PPP (constant 2017 international $)",NY.GDP.PCAP.PP.KD,2303.23912466426,2314.79223293821,2337.64268403264,2365.20434151308,2367.40384577606
Somalia,SOM,"GDP per capita, PPP (constant 2017 international $)",NY.GDP.PCAP.PP.KD,..,..,..,..,..
South Africa,ZAF,"GDP per capita, PPP (constant 2017 international $)",NY.GDP.PCAP.PP.KD,12840.0358670301,12703.8200091549,12703.4212420788,12630.7474848479,12481.8128680216
South Sudan,SSD,"GDP per capita, PPP (constant 2017 international $)",NY.GDP.PCAP.PP.KD,..,..,..,..,..
Spain,ESP,"GDP per capita, PPP (constant 2017 international $)",NY.GDP.PCAP.PP.KD,37450.9172237396,38553.6027656606,39575.5351485129,40328.9379296749,40883.3253649157
Sri Lanka,LKA,"GDP per capita, PPP (constant 2017 international $)",NY.GDP.PCAP.PP.KD,11890.5161786165,12287.4727088539,12584.1044231151,12864.6063465079,13078.0981150723
St. Kitts and Nevis,KNA,"GDP per capita, PPP (constant 2017 international $)",NY.GDP.PCAP.PP.KD,25569.4111843291,26077.56400336,25355.5171774516,25899.8266977103,26356.5509436038
St. Lucia,LCA,"GDP per capita, PPP (constant 2017 international $)",NY.GDP.PCAP.PP.KD,14030.0066791122,14516.5896429615,14945.7590049427,15261.4745219476,15448.7940668927
St. Martin (French part),MAF,"GDP per capita, PPP (constant 2017 international $)",NY.GDP.PCAP.PP.KD,..,..,..,..,..
St. Vincent and the Grenadines,VCT,"GDP per capita, PPP (constant 2017 international $)",NY.GDP.PCAP.PP.KD,11971.9932829377,12164.4939795054,12245.0148431486,12466.4161360546,12466.234639173
Sudan,SDN,"GDP per capita, PPP (constant 2017 international $)",NY.GDP.PCAP.PP.KD,4191.82346055407,4284.81105560184,4362.57840927293,4160.59786821199,3958.46838961531
Suriname,SUR,"GDP per capita, PPP (constant 2017 international $)",NY.GDP.PCAP.PP.KD,17349.3357260718,16217.8726039343,16341.4489178575,16609.416767279,16328.6861156777
Sweden,SWE,"GDP per capita, PPP (constant 2017 international $)",NY.GDP.PCAP.PP.KD,51704.5030400297,52116.146528174,52739.0113876719,53146.4610964786,53205.0560060048
Switzerland,CHE,"GDP per capita, PPP (constant 2017 international $)",NY.GDP.PCAP.PP.KD,66161.7764760045,66570.6165442756,67139.0499217186,68479.4402109781,68627.8286802194
Syrian Arab Republic,SYR,"GDP per capita, PPP (constant 2017 international $)",NY.GDP.PCAP.PP.KD,..,..,..,..,..
Tajikistan,TJK,"GDP per capita, PPP (constant 2017 international $)",NY.GDP.PCAP.PP.KD,2821.65631103865,2942.64796188919,3089.53020835658,3234.72157879638,3379.74869663112
Tanzania,TZA,"GDP per capita, PPP (constant 2017 international $)",NY.GDP.PCAP.PP.KD,2354.13922093999,2441.56521400623,2530.43845346455,2589.97560186412,2660.42033801671
Thailand,THA,"GDP per capita, PPP (constant 2017 international $)",NY.GDP.PCAP.PP.KD,16301.5380925689,16797.7720955266,17420.5651510671,18086.5077091758,18463.093753334
Timor-Leste,TLS,"GDP per capita, PPP (constant 2017 international $)",NY.GDP.PCAP.PP.KD,3302.71750898721,3355.50765346371,3165.79942372693,3079.89483690751,3123.10943747915
Togo,TGO,"GDP per capita, PPP (constant 2017 international $)",NY.GDP.PCAP.PP.KD,1447.229049177,1489.6838446061,1516.5260461051,1552.5476723323,1595.92923015438
Tonga,TON,"GDP per capita, PPP (constant 2017 international $)",NY.GDP.PCAP.PP.KD,6026.09148660098,6208.05864450562,6321.60693304717,6266.90311383932,..
Trinidad and Tobago,TTO,"GDP per capita, PPP (constant 2017 international $)",NY.GDP.PCAP.PP.KD,29182.5706473372,27201.4685489873,26447.59327228,26272.9084023521,26175.951728288
Tunisia,TUN,"GDP per capita, PPP (constant 2017 international $)",NY.GDP.PCAP.PP.KD,10519.7393859661,10524.9935086555,10605.2572072707,10763.7855846866,10755.5799095159
Turkey,TUR,"GDP per capita, PPP (constant 2017 international $)",NY.GDP.PCAP.PP.KD,26015.4884594854,26409.1765914694,27934.1673292162,28298.8658406785,28167.397380045
Turkmenistan,TKM,"GDP per capita, PPP (constant 2017 international $)",NY.GDP.PCAP.PP.KD,12993.522470645,13562.5260810484,14205.0215776646,14845.3294260971,..
Turks and Caicos Islands,TCA,"GDP per capita, PPP (constant 2017 international $)",NY.GDP.PCAP.PP.KD,24140.7200726982,24804.3813278534,25477.4161568839,26431.4721903184,..
Tuvalu,TUV,"GDP per capita, PPP (constant 2017 international $)",NY.GDP.PCAP.PP.KD,3728.53876101543,3798.56683832737,3903.65500465083,3953.26480169899,4287.53452500773
Uganda,UGA,"GDP per capita, PPP (constant 2017 international $)",NY.GDP.PCAP.PP.KD,2052.33810905658,2073.32897433022,2074.86024139593,2122.10979994055,2181.24784253599
Ukraine,UKR,"GDP per capita, PPP (constant 2017 international $)",NY.GDP.PCAP.PP.KD,11237.0744571217,11534.6380017777,11871.1236240918,12338.0028039485,12810.2894546923
United Arab Emirates,ARE,"GDP per capita, PPP (constant 2017 international $)",NY.GDP.PCAP.PP.KD,65218.7922731195,66510.8674624507,67183.6265568253,66968.2698548892,67119.1326374303
United Kingdom,GBR,"GDP per capita, PPP (constant 2017 international $)",NY.GDP.PCAP.PP.KD,44912.8257998092,45428.7228031662,45974.8643523571,46309.8023832552,46699.3024940754
United States,USA,"GDP per capita, PPP (constant 2017 international $)",NY.GDP.PCAP.PP.KD,58535.7680204966,59028.590080063,59957.7258513035,61391.3729620784,62526.9362080871
Uruguay,URY,"GDP per capita, PPP (constant 2017 international $)",NY.GDP.PCAP.PP.KD,20588.3931218595,20862.1713086035,21324.8460027319,21590.833479898,21561.0620529177
Uzbekistan,UZB,"GDP per capita, PPP (constant 2017 international $)",NY.GDP.PCAP.PP.KD,6086.71574219474,6346.33477752676,6518.8046866066,6755.4809736679,6998.70505055973
Vanuatu,VUT,"GDP per capita, PPP (constant 2017 international $)",NY.GDP.PCAP.PP.KD,3042.14084053288,3066.322315481,3121.11437575278,3129.88591414451,3143.62763606102
"Venezuela, RB",VEN,"GDP per capita, PPP (constant 2017 international $)",NY.GDP.PCAP.PP.KD,..,..,..,..,..
Vietnam,VNM,"GDP per capita, PPP (constant 2017 international $)",NY.GDP.PCAP.PP.KD,6438.26027051251,6767.90249535442,7155.74582921877,7586.38493872479,8041.17855081878
Virgin Islands (U.S.),VIR,"GDP per capita, PPP (constant 2017 international $)",NY.GDP.PCAP.PP.KD,..,..,..,..,..
West Bank and Gaza,PSE,"GDP per capita, PPP (constant 2017 international $)",NY.GDP.PCAP.PP.KD,5559.17494138251,5691.63838183128,5754.77924211873,5661.6344284001,..
"Yemen, Rep.",YEM,"GDP per capita, PPP (constant 2017 international $)",NY.GDP.PCAP.PP.KD,..,..,..,..,..
Zambia,ZMB,"GDP per capita, PPP (constant 2017 international $)",NY.GDP.PCAP.PP.KD,3443.54924897561,3467.87237669713,3485.00210305873,3521.53164508047,3479.49221534276
Zimbabwe,ZWE,"GDP per capita, PPP (constant 2017 international $)",NY.GDP.PCAP.PP.KD,2958.20900407292,2934.73365001912,3028.24597590564,3130.02950059825,2835.94853189544
Arab World,ARB,"GDP per capita, PPP (constant 2017 international $)",NY.GDP.PCAP.PP.KD,14411.1277296629,14623.3057738365,14550.7906870379,14620.2610718972,14603.9891638814
Caribbean small states,CSS,"GDP per capita, PPP (constant 2017 international $)",NY.GDP.PCAP.PP.KD,15710.8768972796,15341.1502478148,15238.5841786573,15364.4814817496,15411.7936979041
Central Europe and the Baltics,CEB,"GDP per capita, PPP (constant 2017 international $)",NY.GDP.PCAP.PP.KD,27522.2125613312,28460.1356392517,29927.551861741,31317.38838941,32541.0257818367
Early-demographic dividend,EAR,"GDP per capita, PPP (constant 2017 international $)",NY.GDP.PCAP.PP.KD,8502.88765539035,8829.97193667253,9150.02297649465,9430.30472168214,9613.65694979331
East Asia & Pacific,EAS,"GDP per capita, PPP (constant 2017 international $)",NY.GDP.PCAP.PP.KD,14969.69790399,15599.9680581174,16334.3746871857,17051.0579643133,17720.4265783301
East Asia & Pacific (excluding high income),EAP,"GDP per capita, PPP (constant 2017 international $)",NY.GDP.PCAP.PP.KD,11625.5012272103,12277.1386252746,12986.2965108486,13725.8127961277,14432.8595811998
East Asia & Pacific (IDA & IBRD countries),TEA,"GDP per capita, PPP (constant 2017 international $)",NY.GDP.PCAP.PP.KD,11748.7449335826,12406.9046779124,13123.1261161496,13870.1140905829,14584.3667997042
Euro area,EMU,"GDP per capita, PPP (constant 2017 international $)",NY.GDP.PCAP.PP.KD,43983.8633536645,44700.7831080427,45748.6108511596,46539.7055517178,47037.1172136786
Europe & Central Asia,ECS,"GDP per capita, PPP (constant 2017 international $)",NY.GDP.PCAP.PP.KD,32749.2429796944,33220.087415851,34069.8748654033,34751.4970945845,35205.0046059448
Europe & Central Asia (excluding high income),ECA,"GDP per capita, PPP (constant 2017 international $)",NY.GDP.PCAP.PP.KD,20048.389716774,20207.5937870373,20831.07306697,21334.2983450631,21617.9543922241
Europe & Central Asia (IDA & IBRD countries),TEC,"GDP per capita, PPP (constant 2017 international $)",NY.GDP.PCAP.PP.KD,20916.9752860325,21186.2233730029,21930.3687001978,22559.6022836784,22972.8431030838
European Union,EUU,"GDP per capita, PPP (constant 2017 international $)",NY.GDP.PCAP.PP.KD,40871.5021511065,41654.8038341675,42792.2547038377,43711.3246092123,44369.6034785744
Fragile and conflict affected situations,FCS,"GDP per capita, PPP (constant 2017 international $)",NY.GDP.PCAP.PP.KD,..,..,..,..,..
Heavily indebted poor countries (HIPC),HPC,"GDP per capita, PPP (constant 2017 international $)",NY.GDP.PCAP.PP.KD,2354.23522500381,2400.87754723081,2461.25386108821,2498.03560621189,2536.56192439754
High income,HIC,"GDP per capita, PPP (constant 2017 international $)",NY.GDP.PCAP.PP.KD,46858.5360902583,47437.5304329503,48345.6704188136,49245.6358285704,49882.8769342074
IBRD only,IBD,"GDP per capita, PPP (constant 2017 international $)",NY.GDP.PCAP.PP.KD,11692.3377429726,12126.5362446364,12629.7724711307,13121.6426344802,13544.3713544822
IDA & IBRD total,IBT,"GDP per capita, PPP (constant 2017 international $)",NY.GDP.PCAP.PP.KD,9663.42479068532,9984.41998821666,10361.8957205784,10728.5151090823,11031.8367391224
IDA blend,IDB,"GDP per capita, PPP (constant 2017 international $)",NY.GDP.PCAP.PP.KD,4726.76174957021,4732.04409273351,4779.91574320078,4864.89816660912,4861.5758242806
IDA only,IDX,"GDP per capita, PPP (constant 2017 international $)",NY.GDP.PCAP.PP.KD,2952.33100193937,3046.63289398952,3163.85335584127,3265.95158333276,3365.20103099016
IDA total,IDA,"GDP per capita, PPP (constant 2017 international $)",NY.GDP.PCAP.PP.KD,3553.79577801394,3614.62246014574,3704.97944182975,3799.34666960341,3859.46701729564
Late-demographic dividend,LTE,"GDP per capita, PPP (constant 2017 international $)",NY.GDP.PCAP.PP.KD,14836.7113119584,15352.9154616013,16027.5234168251,16753.9682760625,17419.8724088986
Latin America & Caribbean,LCN,"GDP per capita, PPP (constant 2017 international $)",NY.GDP.PCAP.PP.KD,16217.7107825245,16080.6715176888,16236.8838995916,16342.8019245761,16315.6645723493
Latin America & Caribbean (excluding high income),LAC,"GDP per capita, PPP (constant 2017 international $)",NY.GDP.PCAP.PP.KD,15695.1533201716,15544.1171557858,15705.9084068075,15797.1138925248,15763.7350374938
Latin America & the Caribbean (IDA & IBRD countries),TLA,"GDP per capita, PPP (constant 2017 international $)",NY.GDP.PCAP.PP.KD,16160.820315309,16021.213995746,16181.8586569671,16292.8192667378,16261.0074603886
Least developed countries: UN classification,LDC,"GDP per capita, PPP (constant 2017 international $)",NY.GDP.PCAP.PP.KD,2733.8510317589,2799.66370878356,2886.36728315855,2961.78146249017,3037.38820546676
Low & middle income,LMY,"GDP per capita, PPP (constant 2017 international $)",NY.GDP.PCAP.PP.KD,9408.42029329904,9725.79194819452,10094.8272740959,10452.0374416153,10749.6247557298
Low income,LIC,"GDP per capita, PPP (constant 2017 international $)",NY.GDP.PCAP.PP.KD,2274.83730073346,2329.11300531662,2388.42984716978,2420.87856633211,2459.76280356949
Lower middle income,LMC,"GDP per capita, PPP (constant 2017 international $)",NY.GDP.PCAP.PP.KD,5637.78274170224,5884.25805817622,6129.09800713674,6368.03361240787,6561.83041984014
Middle East & North Africa,MEA,"GDP per capita, PPP (constant 2017 international $)",NY.GDP.PCAP.PP.KD,16034.4453673209,16536.8943557092,16551.390075146,16695.7119356525,16743.9077831835
Middle East & North Africa (excluding high income),MNA,"GDP per capita, PPP (constant 2017 international $)",NY.GDP.PCAP.PP.KD,10185.8120931604,10744.7660035638,10895.4619463842,11059.2036108873,11234.6259114291
Middle East & North Africa (IDA & IBRD countries),TMN,"GDP per capita, PPP (constant 2017 international $)",NY.GDP.PCAP.PP.KD,10240.9603970439,10805.4316885958,10957.3690739788,11125.6136093533,11303.2035790141
Middle income,MIC,"GDP per capita, PPP (constant 2017 international $)",NY.GDP.PCAP.PP.KD,10204.8584017991,10563.3020114179,10979.7927313123,11387.1869840242,11729.9362506309
North America,NAC,"GDP per capita, PPP (constant 2017 international $)",NY.GDP.PCAP.PP.KD,57471.4371597953,57904.426993117,58828.1127349775,60136.6548482127,61155.9737335396
Not classified,INX,"GDP per capita, PPP (constant 2017 international $)",NY.GDP.PCAP.PP.KD,..,..,..,..,..
OECD members,OED,"GDP per capita, PPP (constant 2017 international $)",NY.GDP.PCAP.PP.KD,42066.2552654784,42555.4448514718,43398.107371208,44147.5528519979,44650.931373126
Other small states,OSS,"GDP per capita, PPP (constant 2017 international $)",NY.GDP.PCAP.PP.KD,22832.6126482164,22888.2072410374,22947.0350604012,22979.8072903437,22874.9302019329
Pacific island small states,PSS,"GDP per capita, PPP (constant 2017 international $)",NY.GDP.PCAP.PP.KD,6886.5396440579,6997.00714218728,7200.62728847241,7301.45681696334,7305.69388825948
Post-demographic dividend,PST,"GDP per capita, PPP (constant 2017 international $)",NY.GDP.PCAP.PP.KD,45955.4124481236,46524.3318248738,47466.2062774721,48349.6516041439,49003.7580094934
Pre-demographic dividend,PRE,"GDP per capita, PPP (constant 2017 international $)",NY.GDP.PCAP.PP.KD,3560.84677005213,3570.60211433971,3541.3049800336,3525.54004493479,3537.069341883
Small states,SST,"GDP per capita, PPP (constant 2017 international $)",NY.GDP.PCAP.PP.KD,20521.9218223237,20520.0469093748,20576.7611942225,20648.8672607399,20594.3797015565
South Asia,SAS,"GDP per capita, PPP (constant 2017 international $)",NY.GDP.PCAP.PP.KD,5142.7195858604,5470.69101679868,5772.0751772011,6051.54432623697,6267.50065079519
South Asia (IDA & IBRD),TSA,"GDP per capita, PPP (constant 2017 international $)",NY.GDP.PCAP.PP.KD,5142.7195858604,5470.69101679867,5772.0751772011,6051.54432623697,6267.50065079519
Sub-Saharan Africa,SSF,"GDP per capita, PPP (constant 2017 international $)",NY.GDP.PCAP.PP.KD,3797.81023418361,3761.61459430649,3772.87063856865,3778.40355770479,3781.97720102345
Sub-Saharan Africa (excluding high income),SSA,"GDP per capita, PPP (constant 2017 international $)",NY.GDP.PCAP.PP.KD,3775.42529078103,3738.72638044944,3749.55528774019,3754.67346256837,3757.85253070829
Sub-Saharan Africa (IDA & IBRD countries),TSS,"GDP per capita, PPP (constant 2017 international $)",NY.GDP.PCAP.PP.KD,3797.81023418361,3761.61459430649,3772.87063856865,3778.40355770479,3781.97720102345
Upper middle income,UMC,"GDP per capita, PPP (constant 2017 international $)",NY.GDP.PCAP.PP.KD,14689.751599089,15187.1561466926,15804.6899771984,16414.3744593131,16945.3606792211
World,WLD,"GDP per capita, PPP (constant 2017 international $)",NY.GDP.PCAP.PP.KD,15509.2750676577,15828.1744806543,16240.182215886,16638.0233651077,16944.0222428301
,,,,,,,,
,,,,,,,,
,,,,,,,,
Data from database: World Development Indicators,,,,,,,,
Last Updated: 08/18/2020,,,,,,,,
